{"cameraMode":{"drawMode":0,"name":"Shaded","section":"Shading Mode"},"sceneLighting":true,"audioPlay":false,"sceneViewState":{"m_AlwaysRefresh":false,"showFog":true,"showSkybox":true,"showFlares":true,"showImageEffects":true,"showParticleSystems":true,"showVisualEffectGraphs":true,"m_FxEnabled":true},"in2DMode":false,"pivot":{"x":462.4792175292969,"y":46.736263275146487,"z":191.9728240966797},"rotation":{"x":-0.19569289684295655,"y":0.38445642590522768,"z":-0.08374200761318207,"w":-0.8982561230659485},"size":115.74150085449219,"orthographic":false}